Model,RMSE,MAE,R2
XGBoost,0.46958791427594176,0.32324579444113,0.8190717626231612
Random Forest,0.501199419410795,0.33842410470467926,0.7938925696581186
Stacked Model,0.1940034187545683,0.1304000205829713,0.9691190041758223
DNN,0.5257782448976116,0.36403561077446617,0.7731818755377478
